{"cameraMode":{"drawMode":0,"name":"Shaded","section":"Shading Mode"},"sceneLighting":false,"audioPlay":false,"sceneViewState":{"m_AlwaysRefresh":false,"showFog":true,"showSkybox":false,"showFlares":true,"showImageEffects":true,"showParticleSystems":true,"showVisualEffectGraphs":true,"m_FxEnabled":true},"in2DMode":false,"pivot":{"x":2.2936058044433595,"y":0.5097624063491821,"z":-0.6239982843399048},"rotation":{"x":-0.08045753836631775,"y":0.5021296143531799,"z":-0.046990301460027698,"w":-0.8597611784934998},"size":0.984336793422699,"orthographic":false}